bin_center,count,density
-1000000,17,0.017340751426773843
-999000,16,0.016988865598544834
-998000,16,0.016847959566693414
-997000,17,0.017021715678771747
-996000,17,0.017559325497583617
-995000,18,0.01844065404258324
-994000,19,0.01957780863553854
-993000,20,0.02083285140101529
-992000,22,0.022047457637697398
-991000,23,0.023077407799234326
-990000,23,0.023823621878187817
-989000,24,0.02425229005956937
-988000,24,0.024399315772895495
-987000,24,0.024358115216521477
-986000,24,0.02425387436872195
-985000,24,0.024210657883042844
-984000,24,0.02431948865294695
-983000,24,0.024615251063845062
-982000,25,0.025068081222662814
-981000,25,0.025591331060475668
-980000,26,0.026064106942591793
-979000,26,0.026362788880654495
-978000,26,0.026393714729891823
-977000,26,0.02611890973065939
-976000,25,0.025568430591502066
-975000,24,0.02483616206648831
-974000,24,0.024059952670478297
-973000,23,0.023390813633531123
-972000,22,0.02295859173357313
-971000,22,0.022842404134814434
-970000,23,0.02305297637279213
-969000,23,0.02353113321162764
-968000,24,0.02416276323918595
-967000,24,0.024806572626307744
-966000,25,0.025327840992186452
-965000,25,0.025629951215542075
-964000,25,0.025676036985687628
-963000,25,0.0254955357669991
-962000,25,0.025174151313728486
-961000,24,0.02482980814893475
-960000,24,0.02458062133384596
-959000,24,0.024512865478017173
-958000,24,0.024656927001647753
-957000,24,0.024977263132386573
-956000,25,0.025378950227717696
-955000,25,0.02572932565803164
-954000,25,0.02588951084341347
-953000,25,0.025748158909121795
-952000,25,0.02524919820334821
-951000,24,0.024406783799916176
-950000,23,0.02330377147028998
-949000,22,0.022074034066283173
-948000,20,0.020872869283025217
-947000,19,0.019842639485787808
-946000,19,0.019081931653041603
-945000,18,0.018625648402057368
-944000,18,0.01844075488286138
-943000,18,0.01843856912922788
-942000,18,0.018500434900074213
-941000,18,0.018510347301786988
-940000,18,0.018386412563459967
-939000,18,0.01810332723632285
-938000,17,0.017700283686119915
-937000,17,0.01727230323011551
-936000,16,0.016947084557329562
-935000,16,0.016853031571550568
-934000,17,0.01708631468186115
-933000,17,0.017685085490487362
-932000,18,0.018617240541430196
-931000,19,0.019784836403253
-930000,21,0.02104420127238088
-929000,22,0.02223696005041023
-928000,23,0.02322452718474451
-927000,23,0.023917776026514737
-926000,24,0.024294771948163874
-925000,24,0.024402370554635216
-924000,24,0.024341418891291794
-923000,24,0.024239293352142713
-922000,24,0.024216585470252523
-921000,24,0.024356153376690313
-920000,24,0.024682149109194668
-919000,25,0.02515416003553743
-918000,25,0.025677872816760126
-917000,26,0.026129594936528593
-916000,26,0.026388550291435792
-915000,26,0.026368939667840652
-914000,26,0.02604379647555363
-913000,25,0.025454663893083183
-912000,24,0.024704583471980693
-911000,23,0.02393596945233797
-910000,23,0.02329864765449164
-909000,22,0.022915755633027782
-908000,22,0.02285573943233879
-907000,23,0.0231172092676329
-906000,23,0.02363029161180258
-905000,24,0.024274102609114754
-904000,24,0.024906048802446755
-903000,25,0.025395794198355092
-902000,25,0.025655618464888615
-901000,25,0.02565980121280301
-900000,25,0.025448377930742793
-899000,25,0.0251144596021435
-898000,24,0.024778347756080378
-897000,24,0.02455491999002145
-896000,24,0.024522413347643747
-895000,24,0.024700389581191216
-894000,25,0.02504241136775318
-893000,25,0.02544534433589638
-892000,25,0.0257731116623263
-891000,25,0.025889167613795252
-890000,25,0.02568979630756183
-889000,25,0.02513011201871989
-888000,24,0.024236394981417216
-887000,23,0.023101712653179587
-886000,21,0.021865840137021378
-885000,20,0.020684311085236006
-884000,19,0.019694068314094485
-883000,18,0.018983996626704407
-882000,18,0.018577410632527082
-881000,18,0.018430634430423747
-880000,18,0.018447867073250936
-879000,18,0.018508543266731434
-878000,18,0.018500348213119362
-877000,18,0.018349675441325455
-876000,18,0.018041961762120688
-875000,17,0.01762683541268001
-874000,17,0.017206758536303553
-873000,16,0.0169119154080107
-872000,16,0.016867495585471085
-871000,17,0.017161413363128975
-870000,17,0.01782042707869044
-869000,18,0.018800591888307516
-868000,19,0.01999449354909117
-867000,21,0.021253621133742927
-866000,22,0.0224205439977484
-865000,23,0.02336316626787854
-864000,24,0.024002825964643128
-863000,24,0.024329509453514555
-862000,24,0.024400597264759256
-861000,24,0.02432357472289368
-860000,24,0.02422704728184525
-859000,24,0.024227240322262873
-858000,24,0.02439824208276684
-857000,24,0.02475330327861066
-856000,25,0.025241770352898582
-855000,25,0.025762372402640503
-854000,26,0.026189550092783356
-853000,26,0.026406296526970713
-852000,26,0.02633536404552142
-851000,25,0.02596107377567958
-850000,25,0.02533625340598219
-849000,24,0.024572463225381768
-848000,23,0.02381576133583118
-847000,23,0.023213804540152733
-846000,22,0.022882213419402397
-845000,22,0.022878326108808848
-844000,23,0.02318867661961979
-843000,23,0.02373319732921511
-842000,24,0.024385077317249773
-841000,25,0.025001403447554197
-840000,25,0.02545709987359462
-839000,25,0.025673902126793765
-838000,25,0.025637343843195184
-837000,25,0.025397692367885066
-836000,25,0.025054718731614595
-835000,24,0.024730160110275776
-834000,24,0.024534755613120757
-833000,24,0.024538068633512572
-832000,24,0.02474862465394592
-831000,25,0.025109359942912274
-830000,25,0.02550961459199846
-829000,25,0.02581083440304976
-828000,25,0.02587976718461174
-827000,25,0.02562107822957731
-826000,25,0.025001423733833746
-825000,24,0.024059082891650756
-824000,22,0.02289675569532748
-823000,21,0.021659226786687143
-822000,20,0.020501275000536962
-821000,19,0.01955357372934114
-820000,18,0.01889480068304114
-819000,18,0.018536641849050683
-818000,18,0.018425209545297822
-817000,18,0.018458373616361556
-816000,18,0.018514612591692552
-815000,18,0.01848618082339811
-814000,18,0.018308346064469277
-813000,17,0.017977434062844203
-812000,17,0.017553181299981183
-811000,17,0.01714476619662145
-810000,16,0.01688391456520501
-809000,16,0.016891670088315977
-808000,17,0.017247001713115818
-807000,17,0.01796499878629598
-806000,18,0.018990083484503845
-805000,20,0.020206015929988247
-804000,21,0.02146037410907085
-803000,22,0.022597659804960587
-802000,23,0.023493077206006237
-801000,24,0.02407886764683705
-800000,24,0.024356901998649292
-799000,24,0.024394586615170386
-798000,24,0.024305208611642284
-797000,24,0.024217635790732803
-796000,24,0.02424286873780869
-795000,24,0.024445686243461714
-794000,24,0.02482834928937903
-793000,25,0.02533034689920171
-792000,25,0.025844210469669688
-791000,26,0.026243461650805606
-790000,26,0.026415763450413552
-789000,26,0.026293049351318765
-788000,25,0.025871128709176162
-787000,25,0.02521383205404812
-786000,24,0.024440539495581927
-785000,23,0.023700004064964086
-784000,23,0.023136743346938802
-783000,22,0.022858103885081277
-782000,22,0.022909954776655233
-781000,23,0.023266875176554694
-780000,23,0.023839176362699648
-779000,24,0.024495004390708522
-778000,25,0.025092105588121152
-777000,25,0.025511500069293567
-776000,25,0.02568486911805729
-775000,25,0.025609027117974217
-774000,25,0.02534403353330746
-773000,24,0.02499552457543213
-772000,24,0.02468572161648567
-771000,24,0.024520354232192267
-770000,24,0.02455973876930695
-769000,24,0.02480123283896345
-768000,25,0.025177492094430175
-767000,25,0.025571072476778964
-766000,25,0.0258419000961669
-765000,25,0.02586095729496353
-764000,25,0.02554198514094446
-763000,24,0.024863459746719465
-762000,23,0.023875451612480062
-761000,22,0.022689649015433792
-760000,21,0.021454920500753046
-759000,20,0.02032430652371361
-758000,19,0.019421406681806367
-757000,18,0.01881425927406208
-756000,18,0.018502962946532416
-755000,18,0.01842391864730659
-754000,18,0.018469499784518423
-753000,18,0.01851818597547515
-752000,18,0.018467644559626177
-751000,18,0.018262538344611307
-750000,17,0.017910150026387763
-749000,17,0.017479921348858306
-748000,17,0.017086971011347526
-747000,16,0.016863607511196362
-746000,16,0.016925822735428177
-745000,17,0.017343010934922208
-744000,18,0.018118396354436996
-743000,19,0.019185056553877748
-742000,20,0.020418631991765107
-741000,21,0.02166374440670626
-740000,22,0.022767802253363216
-739000,23,0.023614069259199257
-738000,24,0.02414605306877306
-737000,24,0.024377390640286888
-736000,24,0.024384946810765418
-735000,24,0.02428693605465032
-734000,24,0.024211523332323615
-733000,24,0.024263666268630135
-732000,24,0.02449836403523612
-731000,24,0.024906880632138747
-730000,25,0.025419304102152013
-729000,25,0.025922774726614126
-728000,26,0.026290851903222306
-727000,26,0.026416738152622365
-726000,26,0.026242114096177622
-725000,25,0.025774397259395253
-724000,25,0.025088061509851347
-723000,24,0.024309551829307136
-722000,23,0.02358934677598228
-721000,23,0.023067874686143283
-720000,22,0.022843506962184738
-719000,22,0.022950360691929517
-718000,23,0.0233512628631802
-717000,23,0.023947541393931106
-716000,24,0.024603215787424505
-715000,25,0.025177663292218173
-714000,25,0.025558790006691215
-713000,25,0.02568864028860855
-712000,25,0.02557525451497823
-711000,25,0.02528797417508418
-710000,24,0.02493746383839859
-709000,24,0.024645474369568536
-708000,24,0.024511891013114427
-707000,24,0.024587276520414748
-706000,24,0.024857770057317635
-705000,25,0.025246167746724228
-704000,25,0.025629033787197674
-703000,25,0.02586574642251844
-702000,25,0.025832437190348542
-701000,25,0.025452557037151175
-700000,24,0.024716599997950724
-699000,23,0.023686140185870896
-698000,22,0.02248114929261481
-697000,21,0.02125362765532062
-696000,20,0.020153907841472262
-695000,19,0.01929776235032195
-694000,18,0.018742233281771912
-693000,18,0.018475954698274268
-692000,18,0.0184261840719759
-691000,18,0.01848066814762439
-690000,18,0.01851884241674908
-689000,18,0.018444589779868067
-688000,18,0.018212419090460206
-687000,17,0.01784055681209607
-686000,17,0.01740767444140632
-685000,17,0.017034008993949648
-684000,16,0.016851484798692987
-683000,16,0.016970168087921834
-682000,17,0.01744931347139761
-681000,18,0.018280165075195903
-680000,19,0.019384822230751827
-679000,20,0.020631567630260195
-678000,21,0.021863041784352992
-677000,22,0.022930513576663706
-676000,23,0.02372600960400951
-675000,24,0.024204588717564042
-674000,24,0.02439145455024065
-673000,24,0.024372298936361367
-672000,24,0.02426935757693293
-671000,24,0.024209135780084375
-670000,24,0.024289776321088023
-669000,24,0.024556101282449495
-668000,24,0.024988451619241778
-667000,25,0.02550804048936594
-666000,25,0.02599746459482006
-665000,26,0.026331279954376747
-664000,26,0.02640906087597377
-663000,26,0.0261827334127932
-662000,25,0.025671361668284758
-661000,24,0.024959627931291563
-660000,24,0.02418023629696465
-659000,23,0.02348440772497234
-658000,23,0.023007558065886266
-657000,22,0.022838443319296124
-656000,22,0.022999225697654075
-655000,23,0.023441262592237062
-654000,24,0.0240575965338877
-653000,24,0.02470906292055487
-652000,25,0.02525762687242658
-651000,25,0.02559881918578938
-650000,25,0.025685389179404255
-649000,25,0.025536467476541053
-648000,25,0.02523010085163408
-647000,24,0.024881109480113583
-646000,24,0.02460982262347187
-645000,24,0.024509488656659334
-644000,24,0.024620480720057444
-643000,24,0.02491775044084503
-642000,25,0.02531472789320023
-641000,25,0.025682823425908764
-640000,25,0.025881846557928894
-639000,25,0.025793959907640152
-638000,25,0.025352893420757555
-637000,24,0.024561275638966432
-636000,23,0.023491818533411715
-635000,22,0.022272016622247905
-634000,21,0.021056030078635362
-633000,19,0.01999053486752755
-632000,19,0.01918277935665477
-631000,18,0.018678530583381592
-630000,18,0.01845516126817589
-629000,18,0.018431416650178847
-628000,18,0.018491317327475266
-627000,18,0.01851620012945197
-626000,18,0.018416919075003268
-625000,18,0.018158206966541794
-624000,17,0.017769139716614625
-623000,17,0.017337073880308036
-622000,16,0.016986502679234183
-621000,16,0.01684799828372594
-620000,17,0.017024865703550243
-619000,17,0.017565723435577812
-618000,18,0.018449802473126924
-617000,19,0.019588665854956295
-616000,20,0.02084405106861012
-615000,22,0.022057605835295296
-614000,23,0.023085386127257863
-613000,23,0.023828823746535714
-612000,24,0.024254733648138994
-611000,24,0.024399607241265477
-610000,24,0.02435727226817087
-609000,24,0.0242530542850215
-608000,24,0.02421085731657858
-607000,24,0.02432128914326824
-606000,24,0.024618672787200948
-605000,25,0.025072580724700647
-604000,25,0.025595943210134534
-603000,26,0.0260676957910886
-602000,26,0.02636434522615736
-601000,26,0.026392626566864665
-600000,26,0.026115138255667622
-599000,25,0.02556254746054565
-598000,24,0.02482923751963129
-597000,24,0.02405332065455151
-596000,23,0.023385770222610448
-595000,22,0.02295609958106675
-594000,22,0.022842874362390533
-593000,23,0.02305618052923573
-592000,23,0.02353626630745164
-591000,24,0.024168642114981334
-590000,24,0.02481192103174703
-589000,25,0.025331591778413
-588000,25,0.025631492101195048
-587000,25,0.025675340401207565
-586000,25,0.025493141865229847
-585000,25,0.025171009350727698
-584000,24,0.02482701623809112
-583000,24,0.024579129533724407
-582000,24,0.024513216176204305
-581000,24,0.024659097398142645
-580000,24,0.02498064955009656
-579000,25,0.02538249912685411
-578000,25,0.025731780143272553
-577000,25,0.025889712969868094
-576000,25,0.025745334197132666
-575000,25,0.02524315287452598
-574000,24,0.024397966353195282
-573000,23,0.023293183170094343
-572000,22,0.022063009657403057
-571000,20,0.0208627807926386
-570000,19,0.019834594607809668
-569000,19,0.01907653937910815
-568000,18,0.018622907987071818
-567000,18,0.018440093974204968
-566000,18,0.018439020358491126
-565000,18,0.01850090637891269
-564000,18,0.01850991956712108
-563000,18,0.018384588183955903
-562000,18,0.018100171067030033
-561000,17,0.017696418751205516
-560000,17,0.017268762807426695
-559000,16,0.01694505650880217
-558000,16,0.01685355761561584
-557000,17,0.017090018602047896
-556000,17,0.017691997441818586
-555000,18,0.018626761315988876
-554000,19,0.019795851444269992
-553000,21,0.021055317716827615
-552000,22,0.02224681006615855
-551000,23,0.023232064694229393
-550000,23,0.023922495532373182
-549000,24,0.024296797200008546
-548000,24,0.02440239256436045
-547000,24,0.02434049954319452
-546000,24,0.02423858357463399
-545000,24,0.024217027634428366
-544000,24,0.02435824120463818
-543000,24,0.024685804035691795
-542000,25,0.02515875419182398
-541000,25,0.02568239264995196
-540000,26,0.026132904805218873
-539000,26,0.02638969068583109
-538000,26,0.026367386045383273
-537000,26,0.026039614207125673
-536000,25,0.025448520159040516
-535000,24,0.024697611929825208
-534000,23,0.023929519555351747
-533000,23,0.023293978804400865
-532000,22,0.022913749967344663
-531000,22,0.0228567026397774
-530000,23,0.023120807465585907
-529000,23,0.023635639229934356
-528000,24,0.02427997949515548
-527000,24,0.024911193382628146
-526000,25,0.025399201159065424
-525000,25,0.02565676856026991
-524000,25,0.02565876764619651
-523000,25,0.025445784173127064
-522000,25,0.025111300043267018
-521000,24,0.024775716282889406
-520000,24,0.02455371419676684
-519000,24,0.024523088064208592
-518000,24,0.024702821295280973
-517000,25,0.02504590787909887
-516000,25,0.02544879828856508
-515000,25,0.025775261198513356
-514000,25,0.025888900953853988
-513000,25,0.025686426067968542
-512000,25,0.02512355223311756
-511000,24,0.024227197348583755
-510000,23,0.02309095274221594
-509000,21,0.021854880769687016
-508000,20,0.020674499964085557
-507000,19,0.019686442873816903
-506000,18,0.018979067167470342
-505000,18,0.0185750735240393
-504000,18,0.01843023527598932
-503000,18,0.01844839700689855
-502000,18,0.01850891901280014
-501000,18,0.018499706132735348
-500000,18,0.018347606515697158
-499000,18,0.01803862911453082
-498000,17,0.01762294495470133
-497000,17,0.017203389534139687
-496000,16,0.016910252326637433
-495000,16,0.01686852700913601
-494000,17,0.01716567211621366
-493000,17,0.017827835832255765
-492000,18,0.018810452933975225
-491000,20,0.020005626313255295
-490000,21,0.02126461497995167
-489000,22,0.022430065737999487
-488000,23,0.02337024845723454
-487000,24,0.02400706675387555
-486000,24,0.024331136370970122
-485000,24,0.02440038050613744
-484000,24,0.024322612220179944
-483000,24,0.02422647502284263
-482000,24,0.024227939468864746
-481000,24,0.024400614972525003
-480000,24,0.024757173268833314
-479000,25,0.02524642988273335
-478000,25,0.025766767104803436
-477000,26,0.026192553240112472
-476000,26,0.026407005772553636
-475000,26,0.026333346783333208
-474000,25,0.02595649989716549
-473000,25,0.025329881714116095
-472000,24,0.024565483565068436
-471000,23,0.02380952984480896
-470000,23,0.023209535663097643
-469000,22,0.02288070303263205
-468000,22,0.022879772648033182
-467000,23,0.02319264330716688
-466000,23,0.023738724278052233
-465000,24,0.024390915840184484
-464000,25,0.025006315235182375
-463000,25,0.025460148076458213
-462000,25,0.025674663601782693
-461000,25,0.025635991346950996
-460000,25,0.025394927511977344
-459000,25,0.02505157320521887
-458000,24,0.02472771503649848
-457000,24,0.024533849007558447
-456000,24,0.024539063853815567
-455000,24,0.024751297751674086
-454000,25,0.0251129346224819
-453000,25,0.02551293720045767
-452000,25,0.025812646907201107
-451000,25,0.02587901188460411
-450000,25,0.025617159945904192
-449000,24,0.024994365358966816
-448000,24,0.024049536042430802
-447000,22,0.02288586342049195
-446000,21,0.021648371263180227
-445000,20,0.020491771093272854
-444000,19,0.019546382359672185
-443000,18,0.018890330958600203
-442000,18,0.018534689080044763
-441000,18,0.018425042957808887
-440000,18,0.018458950930247037
-439000,18,0.01851486763057025
-438000,18,0.018485312554599
-437000,18,0.018306037274113948
-436000,17,0.017973945296438282
-435000,17,0.017549296468157255
-434000,17,0.017141602816533645
-433000,16,0.016882645016892645
-432000,16,0.016893222322023067
-431000,17,0.017251813137289518
-430000,17,0.01797288429043828
-429000,19,0.019000250824559452
-428000,20,0.02021722580645473
-427000,21,0.021471206981406674
-426000,22,0.022606825444178053
-425000,23,0.023499692563016795
-424000,24,0.024082636357993542
-423000,24,0.024358152866717532
-422000,24,0.024394162816261167
-421000,24,0.024304235765836762
-420000,24,0.02421722649385613
-419000,24,0.024243836479280877
-418000,24,0.024448339086863884
-417000,24,0.02483241390223351
-416000,25,0.025335041342230764
-415000,25,0.025848447481772216
-414000,26,0.026246131983293362
-413000,26,0.026416029001350767
-412000,26,0.026290573284558753
-411000,25,0.025866185047750356
-410000,25,0.025207266671529553
-409000,24,0.024433590788312413
-408000,23,0.023694025971384647
-407000,23,0.023132897368165758
-406000,22,0.022857094476923197
-405000,22,0.0229118720330859
-404000,23,0.023271182659893044
-403000,23,0.023844846629632144
-402000,24,0.024500768850580234
-401000,25,0.025096757593188773
-400000,25,0.02551417735638688
-399000,25,0.025685247016094835
-398000,25,0.02560737599986755
-397000,25,0.02534112741307196
-396000,24,0.024992424341307565
-395000,24,0.024683487184074104
-394000,24,0.02451975735464249
-393000,24,0.024561048079139603
-392000,24,0.024804124957918814
-391000,25,0.02518111167865976
-390000,25,0.025574227451092082
-389000,25,0.025843345043016868
-388000,25,0.025859696158937934
-387000,25,0.02553751943508883
-386000,24,0.024855921530726396
-385000,23,0.023865588461591872
-384000,22,0.022678664180479115
-383000,21,0.02144420667475928
-382000,20,0.020315137466730533
-381000,19,0.019414661095872227
-380000,18,0.01881024328911321
-379000,18,0.018501373347287724
-378000,18,0.01842395447689182
-377000,18,0.018470093649808384
-376000,18,0.01851829714143906
-375000,18,0.018466540911175344
-374000,18,0.018259997184661206
-373000,17,0.01790652775406319
-372000,17,0.01747607439896521
-371000,17,0.01708404710898955
-370000,16,0.016862758314951938
-369000,16,0.01692790845884501
-368000,17,0.017348369760418657
-367000,18,0.018126735831258334
-366000,19,0.01919549451806078
-365000,20,0.02042987811310997
-364000,21,0.02167437916880567
-363000,22,0.022776586400319324
-362000,23,0.0236202093139566
-361000,24,0.02414935926076365
-360000,24,0.024378289847592605
-359000,24,0.024384348496150152
-358000,24,0.02428598499980054
-357000,24,0.02421130048600662
-356000,24,0.02426491149471679
-355000,24,0.024501288931831688
-354000,24,0.024911117278210937
-353000,25,0.025424002046956634
-352000,25,0.02592682199232649
-351000,26,0.02629316517987933
-350000,26,0.026416550225638363
-349000,26,0.026239187064326906
-348000,25,0.025769108154802
-347000,25,0.02508133810551937
-346000,24,0.02430267308409393
-345000,23,0.023583655545406684
-344000,23,0.02306447189512546
-343000,22,0.02284300110856719
-342000,22,0.022952733177840225
-341000,23,0.023355881501674752
-340000,23,0.02395331839436443
-339000,24,0.024608871399920997
-338000,25,0.025182030678596375
-337000,25,0.025561087062794856
-336000,25,0.02568864247073492
-335000,25,0.025573327172427954
-334000,25,0.02528495746709133
-333000,24,0.024934439544060317
-332000,24,0.024643472907736965
-331000,24,0.024511611669461007
-330000,24,0.02458889063496861
-329000,24,0.024860856552201997
-328000,25,0.0252497978610681
-327000,25,0.02563198519885683
-326000,25,0.025866795062773375
-325000,25,0.02583065580959147
-324000,25,0.025447547678310888
-323000,24,0.024708603455391377
-322000,23,0.023675995383107388
-321000,22,0.022470112003189876
-320000,21,0.021243092193479456
-319000,20,0.020145098898364883
-318000,19,0.01929147129005227
-317000,18,0.018738662198824002
-316000,18,0.018474705075175096
-315000,18,0.01842639144576219
-314000,18,0.018481248471560574
-313000,18,0.018518788534932183
-312000,18,0.018443244290275232
-311000,18,0.01820965582454736
-310000,17,0.017836825742205957
-309000,17,0.017403898503700832
-308000,17,0.01703135782985899
-307000,16,0.016851080821643872
-306000,16,0.016972797119947307
-305000,17,0.017455211333151914
-304000,18,0.018288933153652143
-303000,19,0.019395493677201205
-302000,20,0.020642809129992938
-301000,21,0.021873442770261712
-300000,22,0.022938893423700125
-299000,23,0.023731668960789987
-298000,24,0.024207444777287035
-297000,24,0.024392028395842882
-296000,24,0.02437155918109026
-295000,24,0.024268459531404118
-294000,24,0.024209120745806566
-293000,24,0.024291305135614803
-292000,24,0.024559287600159997
-291000,24,0.02499283573012118
-290000,25,0.025512709809454425
-289000,26,0.02600129080468721
-288000,26,0.02633321397843488
-287000,26,0.026408412541755355
-286000,26,0.026179366227353413
-285000,25,0.02566575382371894
-284000,24,0.024952783345228553
-283000,24,0.024173466204382942
-282000,23,0.023479035076878912
-281000,23,0.023004615985449665
-280000,22,0.02283844046230357
-279000,23,0.023002035165020116
-278000,23,0.023446161006414293
-277000,24,0.024063443363517126
-276000,24,0.024714576052060698
-275000,25,0.025261687118601182
-274000,25,0.025600729586084375
-273000,25,0.025685026248015667
-272000,25,0.02553428821598908
-271000,25,0.025227004835259904
-270000,24,0.02487819092154796
-269000,24,0.02460807436958243
-268000,24,0.024509531844199427
-267000,24,0.024622387533780966
-266000,24,0.024921004545898916
-265000,25,0.025318333287974577
-264000,25,0.025685535959791752
-263000,25,0.025882472124890345
-262000,25,0.025791646771409108
-261000,25,0.02534734731298294
-260000,24,0.02455284491785525
-259000,23,0.023481428242131425
-258000,22,0.022260967029330458
-257000,21,0.02104570823083867
-256000,19,0.019982108781493417
-255000,19,0.01917694856235563
-254000,18,0.01867539281584606
-253000,18,0.018454226596444714
-252000,18,0.018431764216446656
-251000,18,0.018491854988239805
-250000,18,0.01851596218311285
-249000,18,0.01841532807060692
-248000,18,0.018155234561022363
-247000,17,0.017765326479194644
-246000,17,0.017333402720274834
-245000,16,0.016984156672865843
-244000,16,0.01684806224905959
-243000,17,0.017028044911775588
-242000,17,0.017572148907138947
-241000,18,0.018458971339992532
-240000,19,0.019599532402275584
-239000,20,0.02085524733859772
-238000,22,0.022067739070325536
-237000,23,0.023093341581585467
-236000,23,0.02383400009441783
-235000,24,0.024257154678740993
-234000,24,0.024399883728706186
-233000,24,0.0243564244486489
-232000,24,0.02425223932064846
-231000,24,0.024211069173035865
-230000,24,0.02432310482150632
-229000,24,0.02462210724312833
-228000,25,0.025077085937059273
-227000,25,0.02560055130564973
-226000,26,0.02607127062195565
-225000,26,0.02636588002273231
-224000,26,0.026391513821508956
-223000,26,0.02611134464689403
-222000,25,0.025556649776693207
-221000,24,0.024822309524153884
-220000,24,0.024046697332279224
-219000,23,0.023380745921973214
-218000,22,0.022953632855365273
-217000,22,0.022843370821560724
-216000,23,0.02305940610127374
-215000,23,0.023541411598464308
-214000,24,0.024174521803542896
-213000,24,0.024817259425549854
-212000,25,0.025335324821249224
-211000,25,0.02563301233804392
-210000,25,0.025674625604096897
-209000,25,0.025490736707846674
-208000,25,0.025167865664079272
-207000,24,0.024824232126677472
-206000,24,0.02457765246928082
-205000,24,0.024513584029828752
-204000,24,0.024661282055155803
-203000,24,0.02498404255725327
-202000,25,0.025386043920100246
-201000,25,0.025734219346159923
-200000,25,0.02588989087296451
-199000,25,0.0257424807838156
-198000,25,0.025237080022973393
-197000,24,0.02438912808419166
-196000,23,0.02328258483566374
-195000,22,0.022051987700911754
-194000,20,0.020852706172672302
-193000,19,0.019826571472011716
-192000,19,0.019071171580206048
-191000,18,0.018620189311553362
-190000,18,0.018439447603167503
-189000,18,0.018439476533640503
-188000,18,0.018501373452914617
-187000,18,0.018509480848826327
-186000,18,0.018382750816378503
-185000,18,0.0180970051051259
-184000,17,0.017692551709615117
-183000,17,0.017265230581044597
-182000,16,0.01694304699756418
-181000,16,0.016854109924813378
-180000,17,0.017093751832334383
-179000,17,0.017698936090302014
-178000,18,0.01863630088365428
-177000,19,0.01980687371211067
-176000,21,0.02106642866284386
-175000,22,0.02225664347593738
-174000,23,0.023239578490368937
-173000,23,0.023927189634549678
-172000,24,0.024298800890588047
-171000,24,0.024402401184423973
-170000,24,0.024339577086778894
-169000,24,0.024237880394867368
-168000,24,0.024217483038743666
-167000,24,0.02436034417154644
-166000,24,0.024689470796496447
-165000,25,0.025163352544932842
-164000,25,0.025686906693365694
-163000,26,0.02613619915319263
-162000,26,0.026390808664234714
-161000,26,0.026365807861355287
-160000,26,0.02603541075014161
-159000,25,0.025442363552422236
-158000,24,0.02469063898355293
-157000,23,0.02392308029727183
-156000,23,0.02328933046646403
-155000,22,0.022911770269461066
-154000,22,0.022857691644679465
-153000,23,0.023124425786052463
-152000,23,0.023640997208949566
-151000,24,0.024285855259869805
-150000,24,0.024916326374695427
-149000,25,0.025402589519604443
-148000,25,0.02565789804891639
-147000,25,0.025657716761581982
-146000,25,0.02544318064824474
-145000,25,0.0251081404365878
-144000,24,0.02477309402017267
-143000,24,0.02455252389970238
-142000,24,0.024523779823318142
-141000,24,0.02470526627987193
-140000,25,0.025049409330625435
-139000,25,0.025452246214228525
-138000,25,0.025777393722416407
-137000,25,0.025888608957713853
-136000,25,0.025683026916019744
-135000,25,0.02511696568923033
-134000,24,0.024217980477387466
-133000,23,0.02308018485201623
-132000,21,0.021843925924057747
-131000,20,0.02066470434213455
-130000,19,0.019678840020589713
-129000,18,0.01897416209446037
-128000,18,0.0185727572110006
-127000,18,0.01842984914539215
-126000,18,0.018448930223454972
-125000,18,0.018509288992754773
-124000,18,0.018499052378368772
-123000,18,0.01834552477839671
-122000,18,0.018035287690988902
-121000,17,0.017619054004010086
-120000,17,0.017200030539402406
-119000,16,0.016908609331642985
-118000,16,0.016869585579773375
-117000,17,0.017169960142907188
-116000,17,0.017835270293974605
-115000,18,0.018820331023921312
-114000,20,0.020016764169750186
-113000,21,0.021275601273578068
-112000,22,0.0224395693442625
-111000,23,0.0233773062498329
-110000,24,0.02401128241576147
-109000,24,0.024332742848667516
-108000,24,0.02440015200987227
-107000,24,0.02432164835526956
-106000,24,0.024225910751462413
-105000,24,0.02422865253581878
-104000,24,0.02440300280201754
-103000,24,0.02476105406996066
-102000,25,0.025251092028004032
-101000,25,0.02577115428884048
-100000,26,0.02619553944538798
-99000,26,0.026407691872081206
-98000,26,0.026331305139543775
-97000,25,0.02595190591795082
-96000,25,0.025323498920990003
-95000,24,0.024558504561781054
-94000,23,0.02380331087542333
-93000,23,0.023205288572706834
-92000,22,0.022879218992443752
-91000,22,0.022881244391888322
-90000,23,0.02319662870635899
-89000,23,0.023744259703946193
-88000,24,0.02439675133711252
-87000,25,0.02501121395799932
-86000,25,0.02546317696687666
-85000,25,0.025675404664953667
-84000,25,0.02563462255033202
-83000,25,0.025392154439737698
-82000,25,0.02504842929354542
-81000,24,0.02472528049843287
-80000,24,0.024532958521889213
-79000,24,0.024540075850231626
-78000,24,0.024753982998259382
-77000,25,0.02511651251676228
-76000,25,0.025516251860140827
-75000,25,0.025814440745786666
-74000,25,0.02587823027240412
-73000,25,0.02561321270404779
-72000,24,0.02498728114495809
-71000,24,0.02403997164654827
-70000,22,0.02287496525716307
-69000,21,0.021637522286676827
-68000,20,0.0204822842017245
-67000,19,0.019539214269323455
-66000,18,0.01888588537608281
-65000,18,0.018532756041891266
-64000,18,0.018424887823632257
-63000,18,0.0184595298841286
-62000,18,0.018515115632809307
-61000,18,0.018484432059234623
-60000,18,0.01830371599790392
-59000,17,0.017970448893446747
-58000,17,0.01754541282170196
-57000,17,0.017138451242987792
-56000,16,0.016881397017096775
-55000,16,0.016894802442304225
-54000,17,0.017256653634447516
-53000,17,0.017980794366706687
-52000,19,0.019010433365243
-51000,20,0.020228438620784613
-50000,21,0.02148203030653712
-49000,22,0.022615971545956272
-48000,23,0.02350628299941266
-47000,24,0.024086380374380992
-46000,24,0.024359384532257132
-45000,24,0.024393728979883813
-44000,24,0.02430326327422984
-43000,24,0.02421682647575007
-42000,24,0.024244818679414783
-41000,24,0.024451006522100596
-40000,24,0.024836488185133638
-39000,25,0.025339736763283563
-38000,25,0.02585267526778967
-37000,26,0.026248784045231236
-36000,26,0.02641627081948529
-35000,26,0.02628807317532092
-34000,25,0.025861222509638366
-33000,25,0.02520069203870846
-32000,24,0.024426644802344515
-31000,23,0.02368806220725266
-30000,23,0.023129074314914386
-29000,22,0.02285611162972978
-28000,22,0.022913813747044737
-27000,23,0.023275507336176695
-26000,23,0.023850523453317028
-25000,24,0.0245065284221257
-24000,25,0.025101395166233203
-23000,25,0.02551683476738437
-22000,25,0.025685604847637687
-21000,25,0.025605709713675262
-20000,25,0.025338214677854437
-19000,24,0.024989327358154484
-18000,24,0.024681264516291008
-17000,24,0.02451917707843374
-16000,24,0.024562373746118665
-15000,24,0.02480702797971056
-14000,25,0.025184732687681826
-13000,25,0.025577372567611653
-12000,25,0.025844769759462607
-11000,25,0.025858407878870567
-10000,25,0.025533024891427763
-9000,24,0.024848358543882912
-8000,23,0.023855709552747642
-7000,22,0.02266767557011967
-6000,21,0.021433501364262492
-5000,20,0.020305986820619553
-4000,19,0.0194079393256917
-3000,18,0.018806251049653482
-2000,18,0.018499802302795198
-1000,18,0.018424000145034432
0,18,0.018470687545083193
1000,18,0.018518400100965914
2000,18,0.018465424625979318
3000,18,0.0182574440122203
4000,17,0.017902899099297202
5000,17,0.017472230364587813
6000,17,0.017081136787067935
7000,16,0.01686193203128321
8000,16,0.016930022659914796
9000,17,0.017353757294276424
10000,18,0.018135098603717224
11000,19,0.019205945755843546
12000,20,0.020441125011451726
13000,21,0.021685002461045665
14000,22,0.022785349739269524
15000,23,0.02362632408601013
16000,24,0.024152641342421694
17000,24,0.024379171195459765
18000,24,0.024383741879507315
19000,24,0.024285035973079228
20000,24,0.02421108810142398
21000,24,0.024266171572024094
22000,24,0.024504227926380278
23000,24,0.02491536234456795
24000,25,0.025428699288641606
25000,25,0.02593085835737093
26000,26,0.026295458960788127
27000,26,0.02641633812773747
28000,26,0.026236236487097976
29000,25,0.025763801526257842
30000,25,0.025074607369554205
31000,24,0.02429579911404004
32000,23,0.023577980365271537
33000,23,0.023061093025463615
34000,22,0.022842521864830767
35000,22,0.022955129225386048
36000,23,0.02336051571725881
37000,23,0.0239591000080273
38000,24,0.024614520316742664
39000,25,0.02518638238412158
40000,25,0.025563363830813174
41000,25,0.02568862507857207
42000,25,0.02557138589956046
43000,25,0.025281935783350317
44000,24,0.024931420097902744
45000,24,0.02464148433331169
46000,24,0.024511349261924723
47000,24,0.024590520537280485
48000,24,0.02486395258769243
49000,25,0.025253427558092723
50000,25,0.025634924869824095
51000,25,0.025867822007447014
52000,25,0.025828846603413495
53000,25,0.02544250976812577
54000,24,0.02470058335285992
55000,23,0.02366583669667742
56000,22,0.022459073060267124
57000,21,0.021232567146457465
58000,20,0.02013630963169645
59000,19,0.019285204423998857
60000,18,0.018735114317222353
61000,18,0.018473472729067932
62000,18,0.018426607011918224
63000,18,0.01848182726093996
64000,18,0.018518725386824683
65000,18,0.018441885899737824
66000,18,0.01820688116409015
67000,17,0.017833089650002888
68000,17,0.017400127251251427
69000,17,0.017028721981789247
70000,16,0.016850701012670714
71000,16,0.01697545506690655
72000,17,0.017461137375907175
73000,18,0.018297723118331825
74000,19,0.019406176398862503
75000,20,0.02065404925307181
76000,21,0.021883830447562695
77000,22,0.022947251332441757
78000,23,0.02373730283563914
79000,24,0.02421027745754873
80000,24,0.024392585820385317
81000,24,0.02437081288140037
82000,24,0.024267565133076284
83000,24,0.024209117239402566
84000,24,0.024292849045400317
85000,24,0.024562487379728947
86000,24,0.02499722691198805
87000,25,0.025517376714187787
88000,26,0.02600510448546049
89000,26,0.026335127394592223
90000,26,0.026407739751417445
91000,26,0.02617597614931963
92000,25,0.025660129928303962
93000,24,0.024945933401489408
94000,24,0.024166702916899322
95000,23,0.023473680102085403
96000,23,0.02300169867278415
97000,22,0.022838464098704683
98000,23,0.023004867155825844
99000,23,0.023451073295987664
100000,24,0.024069292853016684
101000,24,0.024720080747697874
102000,25,0.02526573056150273
103000,25,0.0256026194399056
104000,25,0.025684644376844503
105000,25,0.025532096358434904
106000,25,0.02522390550745495
107000,24,0.024875278756851672
108000,24,0.0246063400106865
109000,24,0.024509592152605363
110000,24,0.02462430941866092
111000,24,0.024924266722146093
112000,25,0.025321936383791686
113000,25,0.02568823490943188
114000,25,0.025883074641317134
115000,25,0.02578930528415942
116000,25,0.025341773105155802
117000,24,0.02454439198270883
118000,23,0.023471026015063835
119000,22,0.02224991790007799
120000,21,0.021035398616153316
121000,19,0.01997370350057047
122000,19,0.019171142181745125
123000,18,0.018672277563262937
124000,18,0.01845330783282689
125000,18,0.018432118310453997
126000,18,0.01849238960758494
127000,18,0.018515714028972362
128000,18,0.01841372404954455
129000,18,0.018152251519450237
130000,17,0.01776150967597888
131000,17,0.017329738042026522
132000,16,0.016981827666925006
133000,16,0.016848151519651723
134000,17,0.017031253314189247
135000,17,0.017578601871981958
136000,18,0.01846816055919366
137000,19,0.019610408167568493
138000,20,0.020866440099057335
139000,22,0.022077857253255753
140000,23,0.023101274114025194
141000,23,0.023839150923970952
142000,24,0.024259553200761962
143000,24,0.024400145317549023
144000,24,0.024355571851275317
145000,24,0.024251429555733974
146000,24,0.024211293498915862
147000,24,0.024324935688847006
148000,24,0.024625554387424763
149000,25,0.025081596781680125
150000,25,0.02560515525537547
151000,26,0.02607483135394141
152000,26,0.026367393221267802
153000,26,0.02639037649095093
154000,26,0.026107528950604725
155000,25,0.02555073762624679
156000,24,0.024815378187413244
157000,24,0.02404008280776774
158000,23,0.02337574080870744
159000,22,0.02295119158905314
160000,22,0.022843893493423157
161000,23,0.02306265302370412
162000,23,0.023546568989224217
163000,24,0.024180402202188974
164000,24,0.024822587722116773
165000,25,0.0253390400719043
166000,25,0.025634511924460847
167000,25,0.025673892638407487
168000,25,0.025488320371706355
169000,25,0.025164720342423254
170000,24,0.024821455891193722
171000,24,0.024576190184007637
172000,24,0.024513969036771242
173000,24,0.02466348092379319
174000,24,0.02498744206883239
175000,25,0.025389584506216003
176000,25,0.025736643173598514
177000,25,0.025890044490628514
178000,25,0.02573959865392139
179000,25,0.02523097968512126
180000,24,0.02438026907370584
181000,23,0.023271976574434475
182000,22,0.022040968307000433
183000,20,0.020842645511809768
184000,19,0.019818570126771996
185000,19,0.019065828255575738
186000,18,0.018617492328792413
187000,18,0.018438815691408962
188000,18,0.018439937566545973
189000,18,0.018501836048076994
190000,18,0.018509031107079202
191000,18,0.018380900466290487
192000,18,0.018093829401123265
193000,17,0.01768868264480497
194000,17,0.017261706646718174
195000,16,0.016941056107426387
196000,16,0.016854688549166722
197000,17,0.01709751437488769
198000,17,0.017705901387470944
199000,18,0.01864585915460299
200000,19,0.01981790309474918
201000,21,0.0210775340006469
202000,22,0.022266460196065832
203000,23,0.023247068533122903
204000,23,0.023931858343673545
205000,24,0.024300783076094897
206000,24,0.024402396500675307
207000,24,0.024338651614809057
208000,24,0.0242371838885639
209000,24,0.024217951722602084
210000,24,0.024362462270641635
211000,24,0.024693149340619
212000,25,0.025167955012930877
213000,25,0.025691414855411966
214000,26,0.026139477903229583
215000,26,0.02639190418459782
216000,26,0.026364205121275717
217000,26,0.026031186158546944
218000,25,0.025436194164610532
219000,24,0.024683664741735917
220000,23,0.023916651779219353
221000,23,0.023284702711263684
222000,22,0.02290981656346614
223000,22,0.02285870641966701
224000,23,0.02312806415737241
225000,23,0.023646365450469387
226000,24,0.02429172980180133
227000,24,0.024921447698064522
228000,25,0.02540595923869407
229000,25,0.02565900693731688
230000,25,0.025656648609703656
231000,25,0.02544056743655612
232000,25,0.025104980870368426
233000,24,0.024770481040171138
234000,24,0.024551349135246675
235000,24,0.024524488614736144
236000,24,0.024707724478951573
237000,25,0.025052915632998433
238000,25,0.025455688011276994
239000,25,0.02577950914468544
240000,25,0.025888291570331266
241000,25,0.025679598845148633
242000,25,0.02511035243178212
243000,24,0.02420874445457999
244000,23,0.023069409092236714
245000,21,0.0218329757083254
246000,20,0.02065492430237745
247000,19,0.019671259794829195
248000,18,0.018969281398635365
249000,18,0.018570461640118698
250000,18,0.018429475956987698
251000,18,0.018449466635525512
252000,18,0.018509653137125055
253000,18,0.01849838691734065
254000,18,0.01834343024290789
255000,18,0.018031937548672838
256000,17,0.017615162647742877
257000,17,0.017196681647538136
258000,16,0.016906986502533194
259000,16,0.016870671340066687
260000,17,0.017174277436721935
261000,17,0.017842730407466253
262000,18,0.01883022606303781
263000,20,0.020027907005157063
264000,21,0.02128657990766537
265000,22,0.022449054739213808
266000,23,0.023384339613987913
267000,24,0.024015472969275278
268000,24,0.02433432894914603
269000,24,0.024399911864674967
270000,24,0.02432068321967972
271000,24,0.02422535453845953
272000,24,0.0242293795551467
273000,24,0.02440540555656839
274000,24,0.024764945624598925
275000,25,0.02525575670351729
276000,25,0.025775533863912046
277000,26,0.02619850863602124
278000,26,0.0264083547909252
279000,26,0.02632923912809
280000,25,0.02594729189934355
281000,25,0.02531710512248215
282000,24,0.024551526324595816
283000,23,0.02379710452514427
284000,23,0.02320106333259722
285000,22,0.022877761314287925
286000,22,0.02288274130472748
287000,23,0.023200632739584625
288000,23,0.023749803506262792
289000,24,0.02440258370849366
290000,25,0.025016099540968038
291000,25,0.025466186511328634
292000,25,0.025676125330810665
293000,25,0.025633237510355095
294000,25,0.025389373234597383
295000,25,0.025045287083791747
296000,24,0.024722856563489493
297000,24,0.024532084185145034
298000,24,0.024541104604432658
299000,24,0.02475668033093005
300000,25,0.02512009353271598
301000,25,0.025519558469776348
302000,25,0.025816215833837714
303000,25,0.025877422300407755
304000,25,0.025609236506205075
305000,24,0.0249801711445574
306000,24,0.024030389796154128
307000,22,0.022864061316514167
308000,21,0.021626679962684935
309000,20,0.02047281440269636
310000,19,0.019532069490551213
311000,18,0.01888146391832043
312000,18,0.018530842675174256
313000,18,0.018424744058471332
314000,18,0.018460110392030306
315000,18,0.018515356534016644
316000,18,0.01848353931204095
317000,18,0.01830138225717288
318000,17,0.01796694491731628
319000,17,0.01754153045080757
320000,17,0.017135311570428045
321000,16,0.016880170640415783
322000,16,0.016896410484146425
323000,17,0.01726152318942643
324000,17,0.017988728951128272
325000,19,0.019020631006750853
326000,20,0.020239654258880902
327000,21,0.021492843980999647
328000,22,0.02262509803979038
329000,23,0.02351284849200714
330000,24,0.024090099723113996
331000,24,0.024360597063652317
332000,24,0.02439328519693688
333000,24,0.02430229122641162
334000,24,0.0242164358016848
335000,24,0.02424581536262045
336000,24,0.024453688526708144
337000,24,0.024840572074711992
338000,25,0.02534443307454591
339000,25,0.025856893738321916
340000,26,0.026251417769231133
341000,26,0.026416488877915662
342000,26,0.026285549045925814
343000,25,0.02585624116314165
344000,25,0.025194108255342802
345000,24,0.024419701646543078
346000,23,0.023682112865745175
347000,23,0.023125274243423095
348000,22,0.022855155350228255
349000,22,0.022915779874879718
350000,23,0.023279849122389295
351000,23,0.023856206731560574
352000,24,0.024512283008396196
353000,25,0.025106018238255205
354000,25,0.025519472276709063
355000,25,0.025685942635045755
356000,25,0.025604028322222163
357000,25,0.025335295413403406
358000,24,0.024986233711425443
359000,24,0.024679053675179783
360000,24,0.02451861342495205
361000,24,0.024563715743908195
362000,24,0.024809941835216627
363000,25,0.02518835502539157
364000,25,0.0255805077261122
365000,25,0.025846174165524323
366000,25,0.025857092414955686
367000,25,0.02552850152094377
368000,24,0.02484077084664324
369000,23,0.023845814982910014
370000,22,0.02265668329633362
371000,21,0.021422804671422126
372000,20,0.02029685465553815
373000,19,0.01940124139522078
374000,18,0.01880228253059249
375000,18,0.018498249748016483
376000,18,0.0184240555654552
377000,18,0.018471281386457008
378000,18,0.018518494795246348
379000,18,0.018464295686404703
380000,18,0.018254878856342818
381000,17,0.017899264131361888
382000,17,0.017468389338325032
383000,17,0.01707824013832912
384000,16,0.016861128729310556
385000,16,0.01693216536562379
386000,17,0.017359173512695
387000,18,0.018143484600622792
388000,19,0.019216410163347738
389000,20,0.020452372572733964
390000,21,0.02169561418410186
391000,22,0.022794092206942004
392000,23,0.02363241356075805
393000,24,0.024155899348741065
394000,24,0.024380034757576097
395000,24,0.024383127053235462
396000,24,0.024284089061485527
397000,24,0.024210886237883877
398000,24,0.024267446517176855
399000,24,0.024507180988802793
400000,24,0.02491961576234377
401000,25,0.025433395737431683
402000,25,0.025934883734467888
403000,26,0.02629773318429447
404000,26,0.026416101839997305
405000,26,0.026233262395101695
406000,25,0.025758477448638753
407000,25,0.025067869404948886
408000,24,0.02428893002708382
409000,23,0.02357232132384807
410000,23,0.023057738125655005
411000,22,0.02284206922895453
412000,22,0.022957548783227557
413000,23,0.023365165422093624
414000,23,0.023964886131870995
415000,24,0.02462016244418728
416000,25,0.025190718346278673
417000,25,0.025565620293243625
418000,25,0.025688588142119988
419000,25,0.025569430764502125
420000,25,0.025278909211256754
421000,24,0.024928405582966422
422000,24,0.024639508702471103
423000,24,0.024511103804041572
424000,24,0.02459216619314876
425000,24,0.02486705808877236
426000,25,0.02525705673928537
427000,25,0.025637852701623044
428000,25,0.025868827182123535
429000,25,0.025827009540113553
430000,25,0.02543744332632595
431000,24,0.02469253975814089
432000,23,0.0236556642277353
433000,22,0.022448032575913438
434000,21,0.021222052612425938
435000,20,0.02012754010456797
436000,19,0.01927896176773541
437000,18,0.018731589604217343
438000,18,0.018472257589832147
439000,18,0.018426830682864447
440000,18,0.018482404434621437
441000,18,0.018518652919665504
442000,18,0.018440514598412183
443000,18,0.01820409514567679
444000,17,0.01782934861009701
445000,17,0.01739636077839482
446000,17,0.01702610154010319
447000,16,0.016850345434881814
448000,16,0.016978141947535167
449000,17,0.017467091567323376
450000,18,0.018306534891250163
451000,19,0.019416870288432135
452000,20,0.02066528788619959
453000,21,0.021894204721684435
454000,22,0.022955587247213475
455000,23,0.023742911222566606
456000,24,0.024213086800907703
457000,24,0.024393126902282552
458000,24,0.024370060130494333
459000,24,0.024266674465714295
460000,24,0.024209125313786016
461000,24,0.02429440805916827
462000,24,0.024565700583690436
463000,25,0.02500162509099363
464000,25,0.025522041112505164
465000,26,0.026008905552648422
466000,26,0.02633702014742214
467000,26,0.0264070424942132
468000,26,0.02617256321744135
469000,25,0.02565449006302468
470000,24,0.02493907820563383
471000,24,0.02415994654081563
472000,23,0.023468342883377173
473000,22,0.022998806168335995
474000,22,0.022838514217765074
475000,23,0.02300772161141428
476000,23,0.023455999368910276
477000,24,0.024075144899191138
478000,24,0.024725576917640685
479000,25,0.02526975714549894
480000,25,0.02560448873789662
481000,25,0.02568424360326016
482000,25,0.025529891976762215
483000,25,0.02522080295657998
484000,24,0.02487237306600361
485000,24,0.02460461959664193
486000,24,0.024509669587415954
487000,24,0.024626246332829626
488000,24,0.024927536889175064
489000,25,0.02532553708040983
490000,25,0.025690920178794884
491000,25,0.02588365403889558
492000,25,0.025786935422546224
493000,25,0.025336170825656656
494000,24,0.02453591690821861
495000,23,0.023460611956907077
496000,22,0.02223886934593031
497000,21,0.021025101328151642
498000,19,0.019965319080444258
499000,19,0.01916536022199197
500000,18,0.018669184785539684
501000,18,0.018452404902694106
502000,18,0.018432478844010666
503000,18,0.018492921107747647
504000,18,0.018515455620737305
505000,18,0.018412107009863742
506000,18,0.018149257885704966
507000,17,0.01775768938638767
508000,17,0.01732607994095371
509000,16,0.016979515748718955
510000,16,0.016848266152104503
511000,17,0.0170344909210827
512000,17,0.017585082289383876
513000,18,0.01847737004642224
514000,19,0.019621293040778864
515000,20,0.02087762923816384
516000,22,0.02208796029484928
517000,23,0.02310918367680972
518000,23,0.02384427623778302
519000,24,0.02426192926395875
520000,24,0.02440039209032739
521000,24,0.024354714569357946
522000,24,0.024250625070190775
523000,24,0.02421153034035273
524000,24,0.024326781746055206
525000,24,0.024629014175520585
526000,25,0.02508611318028504
527000,25,0.025609754967651617
528000,26,0.026078377905991802
529000,26,0.026368884773015577
530000,26,0.0263892145727585
531000,26,0.02610369121347852
532000,25,0.025544811095790848
533000,24,0.024808443616848374
534000,24,0.02403347718498264
535000,23,0.0233707549595697
536000,22,0.022948775814270614
537000,22,0.022844442358624047
538000,23,0.023065921230971714
539000,23,0.023551738384118014
540000,24,0.02418628320828516
541000,24,0.024827905836099357
542000,25,0.025342737481977247
543000,25,0.025635990859248226
544000,25,0.025673141548554414
545000,25,0.025485892933871487
546000,25,0.025161573474396997
547000,24,0.024818687607929615
548000,24,0.02457474272103227
549000,24,0.024514371194484123
550000,24,0.024665693954776594
551000,24,0.02499084799956728
552000,25,0.025393120783924108
553000,25,0.025739051532674695
554000,25,0.025890173761146246
555000,25,0.02573668779265633
556000,25,0.02522485189784425
557000,24,0.024371389402865845
558000,23,0.023261358493977678
559000,22,0.022029951585772065
560000,20,0.02083259889844695
561000,19,0.019810590620053956
562000,19,0.019060509404017455
563000,18,0.018614816991721128
564000,18,0.018438198160398784
565000,18,0.018440403369098992
566000,18,0.01850229409062209
567000,18,0.018508570302425906
568000,18,0.01837903713967387
569000,18,0.018090644005896137
570000,17,0.01768481164044092
571000,17,0.017258191100197887
572000,16,0.016939083921987768
573000,16,0.016855293538321343
574000,17,0.01710130623141927
575000,17,0.017712893284433637
576000,18,0.01865543603871827
577000,19,0.019828939480068395
578000,21,0.021088633620586023
579000,22,0.02227626014318653
580000,23,0.023254534782887977
581000,23,0.023936501670819066
582000,24,0.024302743813068777
583000,24,0.024402378599131573
584000,24,0.02433772322000049
585000,24,0.02423649413119604
586000,24,0.024218433725023976
587000,24,0.024364595494730978
588000,24,0.024696839616721523
589000,25,0.025172561513697157
590000,25,0.025695917044523654
591000,26,0.026142740978339317
592000,26,0.026392977205254988
593000,26,0.02636257783110817
594000,26,0.026026940486684434
595000,25,0.02543001208723989
596000,24,0.02467668931299071
597000,23,0.023910234102139
598000,23,0.023280095609025518
599000,22,0.022907888872995778
600000,22,0.022859746936919594
601000,23,0.023131722507558194
602000,23,0.023651743855978638
603000,24,0.0242976030195777
604000,24,0.024926557272431406
605000,25,0.02540931027546039
606000,25,0.02566009523238655
607000,25,0.02565556324164798
608000,25,0.02543794461869446
609000,25,0.025101821432832367
610000,24,0.024767877414884672
611000,24,0.024550189939435463
612000,24,0.024525214427797797
613000,24,0.024710195836140973
614000,25,0.02505642669667238
615000,25,0.025459123578100845
616000,25,0.025781607376186233
617000,25,0.025887948737045783
618000,25,0.02567614184924979
619000,25,0.025103712505927935
620000,24,0.024199489367212137
621000,23,0.02305862557263169
622000,21,0.021822030230556937
623000,20,0.02064515992749394
624000,19,0.019663702236525075
625000,18,0.018964425070522376
626000,18,0.0185681867577662
627000,18,0.01842911562897483
628000,18,0.018450006155773413
629000,18,0.018510011376695588
630000,18,0.018497709717357272
631000,18,0.018341322923131478
632000,18,0.018028578745101973
633000,17,0.01761127097321357
634000,17,0.017193342953957844
635000,16,0.0169053839185696
636000,16,0.016871784332301236
637000,17,0.017178623990712096
638000,17,0.017850216115940457
639000,18,0.018840137955953695
640000,20,0.020039054706003576
641000,21,0.021297550775424612
642000,22,0.022458521845878873
643000,23,0.023391348518459677
644000,24,0.024019638433826953
645000,24,0.024335894735266757
646000,24,0.024399660159389092
647000,24,0.02431971690484272
648000,24,0.024224806454311843
649000,24,0.024230120558473418
650000,24,0.024407823221086786
651000,24,0.02476884787502758
652000,25,0.02526042382392519
653000,25,0.02577990573923736
654000,26,0.026201460739684383
655000,26,0.02640899449485825
656000,26,0.026327148763353018
657000,25,0.02594265790303078
658000,25,0.025310700414691405
659000,24,0.024544548962595683
660000,23,0.023790910891230775
661000,23,0.023196860006005883
662000,22,0.02287633001315581
663000,22,0.022884263350473954
664000,23,0.023204655328932768
665000,23,0.023755355584267994
666000,24,0.024408412854907812
667000,25,0.025020971909358557
668000,25,0.02546917667670824
669000,25,0.02567682561427712
670000,25,0.0256318362843559
671000,25,0.025386583980126515
672000,25,0.025042146663080068
673000,24,0.024720443298808455
674000,24,0.024531226025960046
675000,24,0.024542150097664982
676000,24,0.024759389686568285
677000,25,0.025123677577127444
678000,25,0.02552285692813021
679000,25,0.025817972086634108
680000,25,0.025876587921414243
681000,25,0.025605231355037145
682000,24,0.024973035410930062
683000,24,0.024020790583668485
684000,22,0.022853151709778956
685000,21,0.02161584439655189
686000,20,0.02046336177265293
687000,19,0.019524948055176402
688000,18,0.01887706656772043
689000,18,0.018528948920167942
690000,18,0.018424611577907736
691000,18,0.01846069236807003
692000,18,0.01851559027008187
693000,18,0.01848263428815208
694000,18,0.018299036073666067
695000,17,0.017963433431812753
696000,17,0.017537649445809916
697000,17,0.017132183893226183
698000,16,0.01687896596117265
699000,16,0.016898046482121176
700000,17,0.017266421786605313
701000,17,0.017996687979338944
702000,19,0.019030843649048272
703000,20,0.02025087260663077
704000,21,0.021503647901534414
705000,22,0.022634204855547818
706000,23,0.02351938901806527
707000,24,0.02409379443173026
708000,24,0.024361790529581324
709000,24,0.024392831558415463
710000,24,0.02430131971185192
711000,24,0.024216054536627087
712000,24,0.024246826552900506
713000,24,0.02445638507781573
714000,24,0.024844665507298493
715000,25,0.025349130188083404
716000,25,0.025861102804063944
717000,26,0.02625403308819484
718000,26,0.02641668315015603
719000,26,0.02628300091913469
720000,25,0.025851241076919763
721000,25,0.0251875154213778
722000,24,0.0244127614297419
723000,23,0.023676178039795204
724000,23,0.02312149720953
725000,22,0.022854225644683878
726000,22,0.022917770372524324
727000,23,0.02328420793524493
728000,23,0.0238618963621062
729000,24,0.024518032512598317
730000,25,0.025110626740587356
731000,25,0.025522089859207696
732000,25,0.02568626040108839
733000,25,0.025602331888626106
734000,25,0.02533236970557126
735000,24,0.024983143486462193
736000,24,0.024676854722486104
737000,24,0.024518066415173425
738000,24,0.024565074045752717
739000,24,0.024812866454991794
740000,25,0.025191978595540253
741000,25,0.025583632826443124
742000,25,0.025847558181502063
743000,25,0.025855749727808446
744000,25,0.025523949335082886
745000,24,0.02483315849985845
746000,23,0.02383590484927888
747000,22,0.022645687471121865
748000,21,0.021412116698202737
749000,20,0.020287741041280904
750000,19,0.019394567327974045
751000,18,0.018798337706428334
752000,18,0.018496715617631034
753000,18,0.018424120651789055
754000,18,0.018471875090172757
755000,18,0.018518581165779154
756000,18,0.018463154075226137
757000,18,0.01825230174648615
758000,17,0.017895622919823856
759000,17,0.01746455141288445
760000,17,0.017075357255410768
761000,16,0.01686034847784978
762000,16,0.016934336602528174
763000,17,0.01736461839141985
764000,18,0.018151893750414264
765000,19,0.019226887636497842
766000,20,0.020463620682922335
767000,21,0.021706214238885743
768000,22,0.022802813740457582
769000,23,0.02363847772405327
770000,24,0.02415913331512369
771000,24,0.02438088060789364
772000,24,0.024382504109792993
773000,24,0.024283144351863652
774000,24,0.02421069495436716
775000,24,0.024268736346384993
776000,24,0.024510148088623764
777000,24,0.024923877462395914
778000,25,0.025438091303466675
779000,25,0.02593889803646851
780000,26,0.026299987789061022
781000,26,0.026415841343922938
782000,26,0.026230264819383144
783000,25,0.025753135997155428
784000,25,0.025061124314848887
785000,24,0.02428206593109483
786000,23,0.023566678509131956
787000,23,0.023054407243778937
788000,22,0.022841643198455885
789000,22,0.02295999179962907
790000,23,0.023369830528102566
791000,23,0.023970676662821298
792000,24,0.024625797688741846
793000,25,0.025195038502906587
794000,25,0.02556785643301266
795000,25,0.025688531691775235
796000,25,0.025567461835644505
797000,25,0.025275877838274327
798000,24,0.024925396082146296
799000,24,0.024637546071070743
800000,24,0.024510875308928395
801000,24,0.024593827567961433
802000,24,0.02487017298012737
803000,25,0.02526068530602484
804000,25,0.025640768595889006
805000,25,0.025869810512696247
806000,25,0.02582514458842622
807000,25,0.02543234837310147
808000,24,0.02468447273939465
809000,23,0.023645478077638976
810000,22,0.02243699066218026
811000,21,0.02121154868932835
812000,20,0.020118790379697393
813000,19,0.01927274333639161
814000,18,0.01872808802666321
815000,18,0.018471059587094208
816000,18,0.01842706237097183
817000,18,0.01848297991162673
818000,18,0.018518571081025077
819000,18,0.018439130376869464
820000,18,0.018201297806287146
821000,17,0.017825602697366102
822000,17,0.017392599179540603
823000,17,0.017023496595018905
824000,16,0.016850014151053763
825000,16,0.016980857780127204
826000,17,0.017473073874613224
827000,18,0.018315368394076107
828000,19,0.01942757523844421
829000,20,0.020676524916138948
830000,21,0.021904565498323193
831000,22,0.022963901112750443
832000,23,0.023748494116036425
833000,24,0.024215872850312445
834000,24,0.024393651720182118
835000,24,0.024369301021597973
836000,24,0.024265787612894683
837000,24,0.024209145021521616
838000,24,0.024295982185222935
839000,24,0.024568927174195766
840000,25,0.025006030193041096
841000,25,0.025526702913296784
842000,26,0.02601269392192506
843000,26,0.026338892181839837
844000,26,0.026406320759832014
845000,26,0.026169127470892565
846000,25,0.025648834309174893
847000,24,0.024932217863338147
848000,24,0.024153197182327682
849000,23,0.0234630235032344
850000,22,0.02299593851211861
851000,22,0.022838590808292196
852000,23,0.023010598472753205
853000,23,0.023460939132930583
854000,24,0.02408099939885722
855000,24,0.02473106447228519
856000,25,0.025273766815331205
857000,25,0.025606337471132105
858000,25,0.025683823965012773
859000,25,0.025527675144090125
860000,25,0.025217697271027694
861000,24,0.024869473928803256
862000,24,0.024602913176960894
863000,24,0.024509764153744625
864000,24,0.024628198234021126
865000,24,0.024930814966304
866000,25,0.02532913527751516
867000,25,0.025693591671994594
868000,25,0.02588421024964845
869000,25,0.025784537163671985
870000,25,0.025330540503318975
871000,24,0.024527419769428245
872000,23,0.02345018617252822
873000,22,0.022227821478274113
874000,21,0.021014816460146753
875000,19,0.019956955576399454
876000,19,0.019159602689821524
877000,18,0.01866611444220591
878000,18,0.018451517731196385
879000,18,0.018432845728913478
880000,18,0.018493449411160347
881000,18,0.018515186912466938
882000,18,0.018410476950030685
883000,18,0.018146253704043415
884000,17,0.017753865690080018
885000,17,0.01732242851248349
886000,16,0.016977221005375208
887000,16,0.01684840620266337
888000,17,0.017037757742297266
889000,17,0.01759159011818436
890000,18,0.018486599717050318
891000,19,0.01963218691172414
892000,20,0.020888814644189273
893000,22,0.022098048106166928
894000,23,0.023117070222596986
895000,23,0.023849376038893224
896000,24,0.02426428291845719
897000,24,0.024400624129774662
898000,24,0.02435385269619082
899000,24,0.02424982594371143
900000,24,0.02421177974311287
901000,24,0.024328642993474953
902000,24,0.024632486562479714
903000,25,0.025090635054377964
904000,25,0.025614350350805597
905000,26,0.02608191019725192
906000,26,0.02637035462959182
907000,26,0.026388028064941605
908000,26,0.026099831482606105
909000,25,0.025538870272190636
910000,24,0.02480150591997808
911000,24,0.02402688056774698
912000,23,0.023365788450983867
913000,22,0.022946385562713157
914000,22,0.022845017397358044
915000,23,0.02306921065716957
916000,23,0.023556919687362256
917000,24,0.024192164719246217
918000,24,0.024833213682401777
919000,25,0.025346417003457716
920000,25,0.0256374491416387
921000,25,0.025672372379314905
922000,25,0.025483454471608658
923000,25,0.025158425148633333
924000,24,0.02481592735296313
925000,24,0.024573310123116195
926000,24,0.024514790499991217
927000,24,0.024667921098444547
928000,24,0.024994260263950553
929000,25,0.025396652651912103
930000,25,0.025741444330658083
931000,25,0.02589027862316552
932000,25,0.02573374818568285
933000,25,0.025218696698460098
934000,24,0.024362489153125784
935000,23,0.02325073070199698
936000,22,0.022018937647239535
937000,20,0.020822566420691302
938000,19,0.01980263299940546
939000,19,0.019055215023891604
940000,18,0.018612163252914166
941000,18,0.018437594931417733
942000,18,0.01844087385321474
943000,18,0.01850274750699887
944000,18,0.01850809839578329
945000,18,0.018377160842929764
946000,18,0.018087448970678703
947000,17,0.017680938780396702
948000,17,0.01725468403723384
949000,16,0.01693713052463369
950000,16,0.016855924941543716
951000,17,0.017105127403184615
952000,17,0.017719911731873695
953000,18,0.0186650314455918
954000,19,0.019839982755861806
955000,21,0.021099727413144843
956000,22,0.022286043234266927
957000,23,0.023261977200497882
958000,23,0.02394111962750527
959000,24,0.02430468315839514
960000,24,0.024402347565975986
961000,24,0.02433679199501804
962000,24,0.024235811197985842
963000,24,0.02421892908464573
964000,24,0.024366743836202492
965000,24,0.02470054157311889
966000,25,0.02517717196492463
967000,25,0.02570041316915788
968000,26,0.026145988301762943
969000,26,0.026394027684925245
970000,26,0.026360925997260785
971000,26,0.0260226737892933
972000,25,0.025423817412195675
973000,24,0.024669712805976286
974000,23,0.02390382736679726
975000,23,0.023275509229617176
976000,22,0.022905987221232285
977000,22,0.022860813168174943
978000,23,0.023135400764296293
979000,23,0.023657132326827743
980000,24,0.024303474811912532
981000,24,0.024931655017773547
982000,25,0.025412642589434164
983000,25,0.025661162941466854
984000,25,0.02565446070884246
985000,25,0.02543531227546417
986000,25,0.025098662212162025
987000,24,0.024765283216070348
988000,24,0.024549046347920944
989000,24,0.02452595725140981
990000,24,0.024712680294695706
991000,25,0.025059942431892468
992000,25,0.02546255281309261
993000,25,0.02578368832800194
994000,25,0.02588758040358128
995000,25,0.02567265592267948
996000,25,0.02509704595725321
997000,24,0.024190215302632725
998000,23,0.023047834403050856
999000,21,0.02181108959869268
1000000,20,0.020635411299847594
